order_id,customer_id,customer_name,segment,product_id,quantity_ordered,order_date,price,discount,iso_weeknum,iso_weeknum_int,pincode,week,week_date
13,13,Customer 13,New,P002,4,13/12/22,200,0,202250,NA,700001,202250,12/12/22
413,23,Customer 23,Subscription,P001,3,23/12/22,100,0.05,202251,NA,400001,202251,19/12/22
234,5,Customer 5,Returning,P003,4,24/12/22,300,0,202251,NA,560001,202251,19/12/22
12,12,Customer 12,New,P002,2,03/01/23,200,0,202301,NA,600001,202301,02/01/23
71,15,Customer 15,Returning,P002,4,03/01/23,200,0,202301,NA,700001,202301,02/01/23
235,5,Customer 5,Returning,P003,3,04/01/23,300,0,202301,NA,400001,202301,02/01/23
414,23,Customer 23,Subscription,P001,3,12/01/23,100,0.05,202302,NA,560001,202302,09/01/23
359,7,Customer 7,Returning,P002,1,17/01/23,200,0,202303,NA,560001,202303,16/01/23
236,5,Customer 5,Returning,P003,2,18/01/23,300,0,202303,NA,560001,202303,16/01/23
21,21,Customer 21,New,P001,5,20/01/23,100,0,202303,NA,560001,202303,16/01/23
72,15,Customer 15,Returning,P002,5,22/01/23,200,0,202303,NA,560001,202303,16/01/23
360,7,Customer 7,Returning,P002,1,25/01/23,200,0,202304,NA,695001,202304,23/01/23
237,5,Customer 5,Returning,P003,4,29/01/23,300,0,202304,NA,396001,202304,23/01/23
415,23,Customer 23,Subscription,P001,3,01/02/23,100,0.05,202305,NA,221001,202305,30/01/23
582,19,Customer 19,Subscription,P003,5,10/02/23,300,0.05,202306,NA,302001,202306,06/02/23
361,7,Customer 7,Returning,P002,3,11/02/23,200,0,202306,NA,751001,202306,06/02/23
73,15,Customer 15,Returning,P002,3,19/02/23,200,0,202307,NA,600001,202307,13/02/23
238,5,Customer 5,Returning,P003,4,20/02/23,300,0,202308,NA,400001,202308,20/02/23
362,7,Customer 7,Returning,P002,2,21/02/23,200,0,202308,NA,751001,202308,20/02/23
416,23,Customer 23,Subscription,P001,3,21/02/23,100,0.05,202308,NA,700001,202308,20/02/23
387,10,Customer 10,Returning,P001,2,22/02/23,100,0,202308,NA,600001,202308,20/02/23
20,20,Customer 20,New,P003,3,23/02/23,300,0,202308,NA,560001,202308,20/02/23
583,19,Customer 19,Subscription,P003,5,23/02/23,300,0.05,202308,NA,600001,202308,20/02/23
388,10,Customer 10,Returning,P001,2,05/03/23,100,0,202309,NA,751001,202309,27/02/23
798,72,Customer 72,New,P001,3,07/03/23,80,0.2,202310,NA,201001,202310,06/03/23
584,19,Customer 19,Subscription,P003,5,08/03/23,300,0.05,202310,NA,600001,202310,06/03/23
810,76,Customer 76,Subscription,P001,3,08/03/23,80,0.2,202310,NA,396001,202310,06/03/23
363,7,Customer 7,Returning,P002,1,10/03/23,200,0,202310,NA,695001,202310,06/03/23
797,71,Customer 71,New,P001,3,12/03/23,80,0.2,202310,NA,221001,202310,06/03/23
417,23,Customer 23,Subscription,P001,3,13/03/23,100,0.05,202311,NA,400001,202311,13/03/23
239,5,Customer 5,Returning,P003,1,14/03/23,300,0,202311,NA,400001,202311,13/03/23
74,15,Customer 15,Returning,P002,1,17/03/23,200,0,202311,NA,560001,202311,13/03/23
585,19,Customer 19,Subscription,P003,5,21/03/23,300,0.05,202312,NA,700001,202312,20/03/23
364,7,Customer 7,Returning,P002,4,27/03/23,200,0,202313,NA,160001,202313,27/03/23
389,10,Customer 10,Returning,P001,4,29/03/23,100,0,202313,NA,482001,202313,27/03/23
240,5,Customer 5,Returning,P003,3,31/03/23,300,0,202313,NA,400001,202313,27/03/23
418,23,Customer 23,Subscription,P001,3,02/04/23,100,0.05,202313,NA,560001,202313,27/03/23
586,19,Customer 19,Subscription,P003,5,03/04/23,300,0.05,202314,NA,700001,202314,03/04/23
811,76,Customer 76,Subscription,P001,3,05/04/23,100,0.05,202314,NA,560001,202314,03/04/23
75,15,Customer 15,Returning,P002,1,06/04/23,200,0,202314,NA,600001,202314,03/04/23
365,7,Customer 7,Returning,P002,5,08/04/23,200,0,202314,NA,110001,202314,03/04/23
35,35,Customer 35,New,P002,2,16/04/23,200,0,202315,NA,700001,202315,10/04/23
587,19,Customer 19,Subscription,P003,5,16/04/23,300,0.05,202315,NA,695001,202315,10/04/23
761,61,Customer 61,New,P001,2,17/04/23,80,0.2,202316,NA,110001,202316,17/04/23
302,9,Customer 9,Returning,P003,1,17/04/23,300,0,202316,NA,302001,202316,17/04/23
390,10,Customer 10,Returning,P001,3,17/04/23,100,0,202316,NA,144001,202316,17/04/23
769,68,Customer 68,Returning,P001,1,21/04/23,80,0.2,202316,NA,600001,202316,17/04/23
419,23,Customer 23,Subscription,P001,3,22/04/23,100,0.05,202316,NA,396001,202316,17/04/23
766,66,Customer 66,New,P001,4,23/04/23,80,0.2,202316,NA,400001,202316,17/04/23
366,7,Customer 7,Returning,P002,1,24/04/23,200,0,202317,NA,560001,202317,24/04/23
241,5,Customer 5,Returning,P003,5,25/04/23,300,0,202317,NA,110001,202317,24/04/23
588,19,Customer 19,Subscription,P003,5,29/04/23,300,0.05,202317,NA,400001,202317,24/04/23
6,6,Customer 6,New,P002,2,02/05/23,200,0,202318,NA,600001,202318,01/05/23
812,76,Customer 76,Subscription,P001,3,03/05/23,100,0.05,202318,NA,600001,202318,01/05/23
76,15,Customer 15,Returning,P002,3,05/05/23,200,0,202318,NA,700001,202318,01/05/23
303,9,Customer 9,Returning,P003,1,05/05/23,300,0,202318,NA,600001,202318,01/05/23
242,5,Customer 5,Returning,P003,5,11/05/23,300,0,202319,NA,400001,202319,08/05/23
391,10,Customer 10,Returning,P001,2,12/05/23,100,0,202319,NA,400001,202319,08/05/23
420,23,Customer 23,Subscription,P001,3,12/05/23,100,0.05,202319,NA,600001,202319,08/05/23
589,19,Customer 19,Subscription,P003,5,12/05/23,300,0.05,202319,NA,680001,202319,08/05/23
500,18,Customer 18,Subscription,P001,5,15/05/23,100,0.05,202320,NA,680001,202320,15/05/23
770,68,Customer 68,Returning,P001,3,17/05/23,100,0,202320,NA,221001,202320,15/05/23
367,7,Customer 7,Returning,P002,3,18/05/23,200,0,202320,NA,600001,202320,15/05/23
77,15,Customer 15,Returning,P002,4,19/05/23,200,0,202320,NA,201001,202320,15/05/23
243,5,Customer 5,Returning,P003,1,19/05/23,300,0,202320,NA,560001,202320,15/05/23
590,19,Customer 19,Subscription,P003,5,25/05/23,300,0.05,202321,NA,560001,202321,22/05/23
157,48,Customer 48,Returning,P002,2,26/05/23,200,0,202321,NA,122001,202321,22/05/23
304,9,Customer 9,Returning,P003,3,26/05/23,300,0,202321,NA,560001,202321,22/05/23
199,26,Customer 26,Returning,P003,1,27/05/23,300,0,202321,NA,560001,202321,22/05/23
368,7,Customer 7,Returning,P002,2,27/05/23,200,0,202321,NA,560001,202321,22/05/23
392,10,Customer 10,Returning,P001,1,28/05/23,100,0,202321,NA,600001,202321,22/05/23
501,18,Customer 18,Subscription,P001,5,30/05/23,100,0.05,202322,NA,400001,202322,29/05/23
244,5,Customer 5,Returning,P003,4,31/05/23,300,0,202322,NA,560001,202322,29/05/23
813,76,Customer 76,Subscription,P001,3,31/05/23,100,0.05,202322,NA,144001,202322,29/05/23
421,23,Customer 23,Subscription,P001,3,01/06/23,100,0.05,202322,NA,560001,202322,29/05/23
393,10,Customer 10,Returning,P001,5,06/06/23,100,0,202323,NA,400001,202323,05/06/23
771,68,Customer 68,Returning,P001,1,06/06/23,100,0,202323,NA,400001,202323,05/06/23
591,19,Customer 19,Subscription,P003,5,07/06/23,300,0.05,202323,NA,560001,202323,05/06/23
78,15,Customer 15,Returning,P002,3,08/06/23,200,0,202323,NA,110001,202323,05/06/23
369,7,Customer 7,Returning,P002,4,10/06/23,200,0,202323,NA,600001,202323,05/06/23
158,48,Customer 48,Returning,P002,1,14/06/23,200,0,202324,NA,560001,202324,12/06/23
772,68,Customer 68,Returning,P001,4,14/06/23,100,0,202324,NA,600001,202324,12/06/23
502,18,Customer 18,Subscription,P001,5,14/06/23,100,0.05,202324,NA,144001,202324,12/06/23
200,26,Customer 26,Returning,P003,4,18/06/23,300,0,202324,NA,600001,202324,12/06/23
305,9,Customer 9,Returning,P003,3,18/06/23,300,0,202324,NA,700001,202324,12/06/23
245,5,Customer 5,Returning,P003,2,20/06/23,300,0,202325,NA,400001,202325,19/06/23
592,19,Customer 19,Subscription,P003,5,20/06/23,300,0.05,202325,NA,560001,202325,19/06/23
422,23,Customer 23,Subscription,P001,3,21/06/23,100,0.05,202325,NA,400001,202325,19/06/23
159,48,Customer 48,Returning,P002,2,23/06/23,200,0,202325,NA,110001,202325,19/06/23
180,25,Customer 25,Returning,P001,4,27/06/23,100,0,202326,NA,700001,202326,26/06/23
79,15,Customer 15,Returning,P002,5,28/06/23,200,0,202326,NA,221001,202326,26/06/23
246,5,Customer 5,Returning,P003,3,28/06/23,300,0,202326,NA,110001,202326,26/06/23
814,76,Customer 76,Subscription,P001,3,28/06/23,100,0.05,202326,NA,221001,202326,26/06/23
51,31,Customer 31,Returning,P001,4,29/06/23,100,0,202326,NA,700001,202326,26/06/23
370,7,Customer 7,Returning,P002,2,29/06/23,200,0,202326,NA,700001,202326,26/06/23
503,18,Customer 18,Subscription,P001,5,29/06/23,100,0.05,202326,NA,302001,202326,26/06/23
773,68,Customer 68,Returning,P001,1,30/06/23,100,0,202326,NA,600001,202326,26/06/23
160,48,Customer 48,Returning,P002,5,01/07/23,200,0,202326,NA,560001,202326,26/06/23
306,9,Customer 9,Returning,P003,3,01/07/23,300,0,202326,NA,400001,202326,26/06/23
593,19,Customer 19,Subscription,P003,5,03/07/23,300,0.05,202327,NA,110001,202327,03/07/23
394,10,Customer 10,Returning,P001,3,04/07/23,100,0,202327,NA,600001,202327,03/07/23
526,32,Customer 32,Subscription,P002,4,05/07/23,200,0.05,202327,NA,201001,202327,03/07/23
181,25,Customer 25,Returning,P001,1,06/07/23,100,0,202327,NA,700001,202327,03/07/23
80,15,Customer 15,Returning,P002,3,11/07/23,200,0,202328,NA,680001,202328,10/07/23
201,26,Customer 26,Returning,P003,4,11/07/23,300,0,202328,NA,110001,202328,10/07/23
371,7,Customer 7,Returning,P002,1,11/07/23,200,0,202328,NA,110001,202328,10/07/23
774,68,Customer 68,Returning,P001,5,11/07/23,100,0,202328,NA,396001,202328,10/07/23
423,23,Customer 23,Subscription,P001,3,11/07/23,100,0.05,202328,NA,700001,202328,10/07/23
2,2,Customer 2,New,P003,5,12/07/23,300,0,202328,NA,302001,202328,10/07/23
487,4,Customer 4,Subscription,P002,3,12/07/23,200,0.05,202328,NA,400001,202328,10/07/23
504,18,Customer 18,Subscription,P001,5,14/07/23,100,0.05,202328,NA,400001,202328,10/07/23
527,32,Customer 32,Subscription,P002,4,14/07/23,200,0.05,202328,NA,482001,202328,10/07/23
594,19,Customer 19,Subscription,P003,5,16/07/23,300,0.05,202328,NA,110001,202328,10/07/23
395,10,Customer 10,Returning,P001,5,18/07/23,100,0,202329,NA,600001,202329,17/07/23
52,31,Customer 31,Returning,P001,1,19/07/23,100,0,202329,NA,680001,202329,17/07/23
161,48,Customer 48,Returning,P002,1,19/07/23,200,0,202329,NA,396001,202329,17/07/23
528,32,Customer 32,Subscription,P002,4,23/07/23,200,0.05,202329,NA,144001,202329,17/07/23
247,5,Customer 5,Returning,P003,1,25/07/23,300,0,202330,NA,700001,202330,24/07/23
283,28,Customer 28,Returning,P002,3,25/07/23,200,0,202330,NA,600001,202330,24/07/23
396,10,Customer 10,Returning,P001,2,25/07/23,100,0,202330,NA,700001,202330,24/07/23
775,68,Customer 68,Returning,P001,1,25/07/23,100,0,202330,NA,600001,202330,24/07/23
98,14,Customer 14,Returning,P001,4,26/07/23,100,0,202330,NA,700001,202330,24/07/23
815,76,Customer 76,Subscription,P001,3,26/07/23,100,0.05,202330,NA,600001,202330,24/07/23
505,18,Customer 18,Subscription,P001,5,29/07/23,100,0.05,202330,NA,700001,202330,24/07/23
595,19,Customer 19,Subscription,P003,5,29/07/23,300,0.05,202330,NA,221001,202330,24/07/23
182,25,Customer 25,Returning,P001,3,30/07/23,100,0,202330,NA,400001,202330,24/07/23
307,9,Customer 9,Returning,P003,2,30/07/23,300,0,202330,NA,122001,202330,24/07/23
372,7,Customer 7,Returning,P002,5,31/07/23,200,0,202331,NA,560001,202331,31/07/23
424,23,Customer 23,Subscription,P001,3,31/07/23,100,0.05,202331,NA,560001,202331,31/07/23
529,32,Customer 32,Subscription,P002,4,01/08/23,200,0.05,202331,NA,110001,202331,31/07/23
53,31,Customer 31,Returning,P001,5,05/08/23,100,0,202331,NA,700001,202331,31/07/23
488,4,Customer 4,Subscription,P002,3,06/08/23,200,0.05,202331,NA,680001,202331,31/07/23
162,48,Customer 48,Returning,P002,2,07/08/23,200,0,202332,NA,122001,202332,07/08/23
202,26,Customer 26,Returning,P003,4,07/08/23,300,0,202332,NA,751001,202332,07/08/23
248,5,Customer 5,Returning,P003,3,07/08/23,300,0,202332,NA,400001,202332,07/08/23
284,28,Customer 28,Returning,P002,1,07/08/23,200,0,202332,NA,302001,202332,07/08/23
308,9,Customer 9,Returning,P003,4,08/08/23,300,0,202332,NA,560001,202332,07/08/23
81,15,Customer 15,Returning,P002,2,09/08/23,200,0,202332,NA,600001,202332,07/08/23
530,32,Customer 32,Subscription,P002,4,10/08/23,200,0.05,202332,NA,751001,202332,07/08/23
397,10,Customer 10,Returning,P001,5,11/08/23,100,0,202332,NA,122001,202332,07/08/23
596,19,Customer 19,Subscription,P003,5,11/08/23,300,0.05,202332,NA,600001,202332,07/08/23
506,18,Customer 18,Subscription,P001,5,13/08/23,100,0.05,202332,NA,680001,202332,07/08/23
373,7,Customer 7,Returning,P002,3,14/08/23,200,0,202333,NA,700001,202333,14/08/23
706,56,Customer 56,Returning,P001,2,14/08/23,80,0.2,202333,NA,560001,202333,14/08/23
738,58,Customer 58,Subscription,P001,1,14/08/23,80,0.2,202333,NA,700001,202333,14/08/23
672,51,Customer 51,New,P001,4,15/08/23,80,0.2,202333,NA,560001,202333,14/08/23
203,26,Customer 26,Returning,P003,2,15/08/23,300,0,202333,NA,700001,202333,14/08/23
690,55,Customer 55,Returning,P001,2,15/08/23,80,0.2,202333,NA,700001,202333,14/08/23
750,59,Customer 59,Subscription,P001,1,18/08/23,80,0.2,202333,NA,560001,202333,14/08/23
674,53,Customer 53,New,P001,3,19/08/23,80,0.2,202333,NA,110001,202333,14/08/23
163,48,Customer 48,Returning,P002,2,19/08/23,200,0,202333,NA,560001,202333,14/08/23
285,28,Customer 28,Returning,P002,5,19/08/23,200,0,202333,NA,110001,202333,14/08/23
675,54,Customer 54,Returning,P001,1,19/08/23,80,0.2,202333,NA,396001,202333,14/08/23
722,57,Customer 57,Returning,P001,1,19/08/23,80,0.2,202333,NA,560001,202333,14/08/23
531,32,Customer 32,Subscription,P002,4,19/08/23,200,0.05,202333,NA,400001,202333,14/08/23
673,52,Customer 52,New,P001,4,20/08/23,80,0.2,202333,NA,160001,202333,14/08/23
99,14,Customer 14,Returning,P001,1,20/08/23,100,0,202333,NA,110001,202333,14/08/23
425,23,Customer 23,Subscription,P001,3,20/08/23,100,0.05,202333,NA,110001,202333,14/08/23
776,68,Customer 68,Returning,P001,5,21/08/23,100,0,202334,NA,160001,202334,21/08/23
54,31,Customer 31,Returning,P001,2,23/08/23,100,0,202334,NA,201001,202334,21/08/23
816,76,Customer 76,Subscription,P001,3,23/08/23,100,0.05,202334,NA,482001,202334,21/08/23
183,25,Customer 25,Returning,P001,1,24/08/23,100,0,202334,NA,751001,202334,21/08/23
309,9,Customer 9,Returning,P003,1,24/08/23,300,0,202334,NA,700001,202334,21/08/23
597,19,Customer 19,Subscription,P003,5,24/08/23,300,0.05,202334,NA,396001,202334,21/08/23
507,18,Customer 18,Subscription,P001,5,28/08/23,100,0.05,202335,NA,695001,202335,28/08/23
532,32,Customer 32,Subscription,P002,4,28/08/23,200,0.05,202335,NA,500001,202335,28/08/23
707,56,Customer 56,Returning,P001,2,29/08/23,100,0,202335,NA,400001,202335,28/08/23
82,15,Customer 15,Returning,P002,5,30/08/23,200,0,202335,NA,302001,202335,28/08/23
374,7,Customer 7,Returning,P002,1,30/08/23,200,0,202335,NA,700001,202335,28/08/23
489,4,Customer 4,Subscription,P002,3,31/08/23,200,0.05,202335,NA,560001,202335,28/08/23
100,14,Customer 14,Returning,P001,2,02/09/23,100,0,202335,NA,400001,202335,28/08/23
204,26,Customer 26,Returning,P003,3,02/09/23,300,0,202335,NA,400001,202335,28/08/23
398,10,Customer 10,Returning,P001,5,02/09/23,100,0,202335,NA,600001,202335,28/08/23
691,55,Customer 55,Returning,P001,2,02/09/23,100,0,202335,NA,700001,202335,28/08/23
723,57,Customer 57,Returning,P001,4,02/09/23,100,0,202335,NA,700001,202335,28/08/23
164,48,Customer 48,Returning,P002,4,04/09/23,200,0,202336,NA,110001,202336,04/09/23
249,5,Customer 5,Returning,P003,3,05/09/23,300,0,202336,NA,400001,202336,04/09/23
533,32,Customer 32,Subscription,P002,4,06/09/23,200,0.05,202336,NA,700001,202336,04/09/23
598,19,Customer 19,Subscription,P003,5,06/09/23,300,0.05,202336,NA,700001,202336,04/09/23
426,23,Customer 23,Subscription,P001,3,09/09/23,100,0.05,202336,NA,700001,202336,04/09/23
739,58,Customer 58,Subscription,P001,1,09/09/23,100,0.05,202336,NA,482001,202336,04/09/23
83,15,Customer 15,Returning,P002,3,10/09/23,200,0,202336,NA,600001,202336,04/09/23
55,31,Customer 31,Returning,P001,1,11/09/23,100,0,202337,NA,160001,202337,11/09/23
286,28,Customer 28,Returning,P002,5,11/09/23,200,0,202337,NA,110001,202337,11/09/23
38,38,Customer 38,New,P003,4,12/09/23,300,0,202337,NA,400001,202337,11/09/23
375,7,Customer 7,Returning,P002,4,12/09/23,200,0,202337,NA,110001,202337,11/09/23
724,57,Customer 57,Returning,P001,5,12/09/23,100,0,202337,NA,560001,202337,11/09/23
508,18,Customer 18,Subscription,P001,5,12/09/23,100,0.05,202337,NA,400001,202337,11/09/23
344,41,Customer 41,Returning,P003,2,13/09/23,300,0,202337,NA,700001,202337,11/09/23
777,68,Customer 68,Returning,P001,2,14/09/23,100,0,202337,NA,560001,202337,11/09/23
310,9,Customer 9,Returning,P003,5,15/09/23,300,0,202337,NA,700001,202337,11/09/23
534,32,Customer 32,Subscription,P002,4,15/09/23,200,0.05,202337,NA,160001,202337,11/09/23
676,54,Customer 54,Returning,P001,2,16/09/23,100,0,202337,NA,400001,202337,11/09/23
563,36,Customer 36,Subscription,P001,2,16/09/23,100,0.05,202337,NA,221001,202337,11/09/23
101,14,Customer 14,Returning,P001,2,17/09/23,100,0,202337,NA,110001,202337,11/09/23
184,25,Customer 25,Returning,P001,1,17/09/23,100,0,202337,NA,560001,202337,11/09/23
751,59,Customer 59,Subscription,P001,1,17/09/23,100,0.05,202337,NA,560001,202337,11/09/23
692,55,Customer 55,Returning,P001,4,18/09/23,100,0,202338,NA,700001,202338,18/09/23
599,19,Customer 19,Subscription,P003,5,19/09/23,300,0.05,202338,NA,144001,202338,18/09/23
708,56,Customer 56,Returning,P001,5,20/09/23,100,0,202338,NA,110001,202338,18/09/23
817,76,Customer 76,Subscription,P001,3,20/09/23,100,0.05,202338,NA,302001,202338,18/09/23
250,5,Customer 5,Returning,P003,5,21/09/23,300,0,202338,NA,600001,202338,18/09/23
287,28,Customer 28,Returning,P002,2,23/09/23,200,0,202338,NA,560001,202338,18/09/23
311,9,Customer 9,Returning,P003,4,24/09/23,300,0,202338,NA,482001,202338,18/09/23
535,32,Customer 32,Subscription,P002,4,24/09/23,200,0.05,202338,NA,600001,202338,18/09/23
490,4,Customer 4,Subscription,P002,3,25/09/23,200,0.05,202339,NA,700001,202339,25/09/23
56,31,Customer 31,Returning,P001,2,26/09/23,100,0,202339,NA,400001,202339,25/09/23
84,15,Customer 15,Returning,P002,2,26/09/23,200,0,202339,NA,560001,202339,25/09/23
165,48,Customer 48,Returning,P002,3,26/09/23,200,0,202339,NA,110001,202339,25/09/23
778,68,Customer 68,Returning,P001,5,26/09/23,100,0,202339,NA,110001,202339,25/09/23
509,18,Customer 18,Subscription,P001,5,27/09/23,100,0.05,202339,NA,695001,202339,25/09/23
185,25,Customer 25,Returning,P001,2,29/09/23,100,0,202339,NA,110001,202339,25/09/23
205,26,Customer 26,Returning,P003,2,29/09/23,300,0,202339,NA,560001,202339,25/09/23
399,10,Customer 10,Returning,P001,4,29/09/23,100,0,202339,NA,700001,202339,25/09/23
427,23,Customer 23,Subscription,P001,3,29/09/23,100,0.05,202339,NA,201001,202339,25/09/23
564,36,Customer 36,Subscription,P001,2,30/09/23,100,0.05,202339,NA,110001,202339,25/09/23
345,41,Customer 41,Returning,P003,3,02/10/23,300,0,202340,NA,560001,202340,02/10/23
725,57,Customer 57,Returning,P001,5,02/10/23,100,0,202340,NA,400001,202340,02/10/23
600,19,Customer 19,Subscription,P003,5,02/10/23,300,0.05,202340,NA,680001,202340,02/10/23
536,32,Customer 32,Subscription,P002,4,03/10/23,200,0.05,202340,NA,396001,202340,02/10/23
1,1,Customer 1,New,P003,4,05/10/23,300,0,202340,NA,110001,202340,02/10/23
440,33,Customer 33,Subscription,P003,4,05/10/23,300,0.05,202340,NA,600001,202340,02/10/23
740,58,Customer 58,Subscription,P001,1,05/10/23,100,0.05,202340,NA,560001,202340,02/10/23
166,48,Customer 48,Returning,P002,3,06/10/23,200,0,202340,NA,560001,202340,02/10/23
376,7,Customer 7,Returning,P002,1,07/10/23,200,0,202340,NA,751001,202340,02/10/23
102,14,Customer 14,Returning,P001,5,09/10/23,100,0,202341,NA,680001,202341,09/10/23
677,54,Customer 54,Returning,P001,2,09/10/23,100,0,202341,NA,751001,202341,09/10/23
779,68,Customer 68,Returning,P001,1,11/10/23,100,0,202341,NA,500001,202341,09/10/23
85,15,Customer 15,Returning,P002,4,12/10/23,200,0,202341,NA,700001,202341,09/10/23
288,28,Customer 28,Returning,P002,1,12/10/23,200,0,202341,NA,400001,202341,09/10/23
510,18,Customer 18,Subscription,P001,5,12/10/23,100,0.05,202341,NA,110001,202341,09/10/23
537,32,Customer 32,Subscription,P002,4,12/10/23,200,0.05,202341,NA,144001,202341,09/10/23
186,25,Customer 25,Returning,P001,2,13/10/23,100,0,202341,NA,160001,202341,09/10/23
251,5,Customer 5,Returning,P003,4,14/10/23,300,0,202341,NA,600001,202341,09/10/23
693,55,Customer 55,Returning,P001,1,14/10/23,100,0,202341,NA,110001,202341,09/10/23
565,36,Customer 36,Subscription,P001,2,14/10/23,100,0.05,202341,NA,302001,202341,09/10/23
167,48,Customer 48,Returning,P002,5,15/10/23,200,0,202341,NA,400001,202341,09/10/23
709,56,Customer 56,Returning,P001,4,15/10/23,100,0,202341,NA,400001,202341,09/10/23
601,19,Customer 19,Subscription,P003,5,15/10/23,300,0.05,202341,NA,751001,202341,09/10/23
752,59,Customer 59,Subscription,P001,1,17/10/23,100,0.05,202342,NA,396001,202342,16/10/23
818,76,Customer 76,Subscription,P001,3,18/10/23,100,0.05,202342,NA,600001,202342,16/10/23
678,54,Customer 54,Returning,P001,5,19/10/23,100,0,202342,NA,700001,202342,16/10/23
428,23,Customer 23,Subscription,P001,3,19/10/23,100,0.05,202342,NA,700001,202342,16/10/23
86,15,Customer 15,Returning,P002,2,20/10/23,200,0,202342,NA,560001,202342,16/10/23
206,26,Customer 26,Returning,P003,3,20/10/23,300,0,202342,NA,110001,202342,16/10/23
491,4,Customer 4,Subscription,P002,3,20/10/23,200,0.05,202342,NA,110001,202342,16/10/23
312,9,Customer 9,Returning,P003,5,21/10/23,300,0,202342,NA,302001,202342,16/10/23
377,7,Customer 7,Returning,P002,2,21/10/23,200,0,202342,NA,700001,202342,16/10/23
538,32,Customer 32,Subscription,P002,4,21/10/23,200,0.05,202342,NA,110001,202342,16/10/23
726,57,Customer 57,Returning,P001,5,24/10/23,100,0,202343,NA,160001,202343,23/10/23
57,31,Customer 31,Returning,P001,3,25/10/23,100,0,202343,NA,695001,202343,23/10/23
24,24,Customer 24,New,P001,2,26/10/23,100,0,202343,NA,201001,202343,23/10/23
252,5,Customer 5,Returning,P003,4,26/10/23,300,0,202343,NA,201001,202343,23/10/23
289,28,Customer 28,Returning,P002,1,26/10/23,200,0,202343,NA,700001,202343,23/10/23
511,18,Customer 18,Subscription,P001,5,27/10/23,100,0.05,202343,NA,560001,202343,23/10/23
400,10,Customer 10,Returning,P001,3,28/10/23,100,0,202343,NA,221001,202343,23/10/23
566,36,Customer 36,Subscription,P001,2,28/10/23,100,0.05,202343,NA,500001,202343,23/10/23
602,19,Customer 19,Subscription,P003,5,28/10/23,300,0.05,202343,NA,751001,202343,23/10/23
207,26,Customer 26,Returning,P003,1,29/10/23,300,0,202343,NA,110001,202343,23/10/23
679,54,Customer 54,Returning,P001,3,30/10/23,100,0,202344,NA,560001,202344,30/10/23
539,32,Customer 32,Subscription,P002,4,30/10/23,200,0.05,202344,NA,221001,202344,30/10/23
727,57,Customer 57,Returning,P001,2,31/10/23,100,0,202344,NA,400001,202344,30/10/23
741,58,Customer 58,Subscription,P001,1,31/10/23,100,0.05,202344,NA,700001,202344,30/10/23
187,25,Customer 25,Returning,P001,4,01/11/23,100,0,202344,NA,560001,202344,30/10/23
346,41,Customer 41,Returning,P003,3,01/11/23,300,0,202344,NA,600001,202344,30/10/23
441,33,Customer 33,Subscription,P003,4,02/11/23,300,0.05,202344,NA,695001,202344,30/10/23
103,14,Customer 14,Returning,P001,4,03/11/23,100,0,202344,NA,400001,202344,30/10/23
694,55,Customer 55,Returning,P001,3,03/11/23,100,0,202344,NA,110001,202344,30/10/23
710,56,Customer 56,Returning,P001,4,05/11/23,100,0,202344,NA,600001,202344,30/10/23
325,29,Customer 29,Returning,P003,5,06/11/23,300,0,202345,NA,600001,202345,06/11/23
780,68,Customer 68,Returning,P001,5,07/11/23,100,0,202345,NA,560001,202345,06/11/23
429,23,Customer 23,Subscription,P001,3,08/11/23,100,0.05,202345,NA,600001,202345,06/11/23
540,32,Customer 32,Subscription,P002,4,08/11/23,200,0.05,202345,NA,700001,202345,06/11/23
39,39,Customer 39,New,P001,4,09/11/23,100,0,202345,NA,700001,202345,06/11/23
313,9,Customer 9,Returning,P003,4,10/11/23,300,0,202345,NA,482001,202345,06/11/23
603,19,Customer 19,Subscription,P003,5,10/11/23,300,0.05,202345,NA,302001,202345,06/11/23
873,86,Customer 86,Subscription,P002,2,10/11/23,120,0.4,202345,NA,110001,202345,06/11/23
827,77,Customer 77,New,P002,1,11/11/23,120,0.4,202345,NA,700001,202345,06/11/23
829,79,Customer 79,New,P002,2,11/11/23,120,0.4,202345,NA,700001,202345,06/11/23
512,18,Customer 18,Subscription,P001,5,11/11/23,100,0.05,202345,NA,396001,202345,06/11/23
567,36,Customer 36,Subscription,P001,2,11/11/23,100,0.05,202345,NA,560001,202345,06/11/23
866,85,Customer 85,Subscription,P002,4,11/11/23,120,0.4,202345,NA,110001,202345,06/11/23
711,56,Customer 56,Returning,P001,4,12/11/23,100,0,202345,NA,400001,202345,06/11/23
906,88,Customer 88,Subscription,P002,4,12/11/23,120,0.4,202345,NA,560001,202345,06/11/23
168,48,Customer 48,Returning,P002,3,13/11/23,200,0,202346,NA,700001,202346,13/11/23
188,25,Customer 25,Returning,P001,4,13/11/23,100,0,202346,NA,400001,202346,13/11/23
378,7,Customer 7,Returning,P002,1,13/11/23,200,0,202346,NA,122001,202346,13/11/23
832,82,Customer 82,Returning,P002,1,13/11/23,120,0.4,202346,NA,700001,202346,13/11/23
844,83,Customer 83,Returning,P002,5,13/11/23,120,0.4,202346,NA,600001,202346,13/11/23
856,84,Customer 84,Returning,P002,3,13/11/23,120,0.4,202346,NA,160001,202346,13/11/23
830,80,Customer 80,New,P002,4,14/11/23,120,0.4,202346,NA,400001,202346,13/11/23
728,57,Customer 57,Returning,P001,2,14/11/23,100,0,202346,NA,400001,202346,13/11/23
492,4,Customer 4,Subscription,P002,3,14/11/23,200,0.05,202346,NA,560001,202346,13/11/23
828,78,Customer 78,New,P002,2,15/11/23,120,0.4,202346,NA,122001,202346,13/11/23
831,81,Customer 81,New,P002,4,15/11/23,120,0.4,202346,NA,700001,202346,13/11/23
819,76,Customer 76,Subscription,P001,3,15/11/23,100,0.05,202346,NA,600001,202346,13/11/23
896,87,Customer 87,Subscription,P002,3,15/11/23,120,0.4,202346,NA,110001,202346,13/11/23
753,59,Customer 59,Subscription,P001,1,16/11/23,100,0.05,202346,NA,110001,202346,13/11/23
87,15,Customer 15,Returning,P002,4,17/11/23,200,0,202346,NA,110001,202346,13/11/23
290,28,Customer 28,Returning,P002,2,17/11/23,200,0,202346,NA,396001,202346,13/11/23
695,55,Customer 55,Returning,P001,3,17/11/23,100,0,202346,NA,160001,202346,13/11/23
541,32,Customer 32,Subscription,P002,4,17/11/23,200,0.05,202346,NA,110001,202346,13/11/23
253,5,Customer 5,Returning,P003,3,18/11/23,300,0,202346,NA,600001,202346,13/11/23
401,10,Customer 10,Returning,P001,2,18/11/23,100,0,202346,NA,302001,202346,13/11/23
874,86,Customer 86,Subscription,P002,2,19/11/23,200,0.05,202346,NA,110001,202346,13/11/23
58,31,Customer 31,Returning,P001,5,21/11/23,100,0,202347,NA,695001,202347,20/11/23
845,83,Customer 83,Returning,P002,2,21/11/23,200,0,202347,NA,751001,202347,20/11/23
314,9,Customer 9,Returning,P003,1,22/11/23,300,0,202347,NA,560001,202347,20/11/23
604,19,Customer 19,Subscription,P003,5,23/11/23,300,0.05,202347,NA,110001,202347,20/11/23
104,14,Customer 14,Returning,P001,4,24/11/23,100,0,202347,NA,700001,202347,20/11/23
347,41,Customer 41,Returning,P003,2,25/11/23,300,0,202347,NA,482001,202347,20/11/23
680,54,Customer 54,Returning,P001,1,25/11/23,100,0,202347,NA,400001,202347,20/11/23
568,36,Customer 36,Subscription,P001,2,25/11/23,100,0.05,202347,NA,400001,202347,20/11/23
513,18,Customer 18,Subscription,P001,5,26/11/23,100,0.05,202347,NA,600001,202347,20/11/23
542,32,Customer 32,Subscription,P002,4,26/11/23,200,0.05,202347,NA,110001,202347,20/11/23
742,58,Customer 58,Subscription,P001,1,26/11/23,100,0.05,202347,NA,560001,202347,20/11/23
907,88,Customer 88,Subscription,P002,4,26/11/23,200,0.05,202347,NA,600001,202347,20/11/23
208,26,Customer 26,Returning,P003,1,28/11/23,300,0,202348,NA,560001,202348,27/11/23
857,84,Customer 84,Returning,P002,5,28/11/23,200,0,202348,NA,700001,202348,27/11/23
430,23,Customer 23,Subscription,P001,3,28/11/23,100,0.05,202348,NA,110001,202348,27/11/23
875,86,Customer 86,Subscription,P002,2,28/11/23,200,0.05,202348,NA,700001,202348,27/11/23
315,9,Customer 9,Returning,P003,4,29/11/23,300,0,202348,NA,560001,202348,27/11/23
442,33,Customer 33,Subscription,P003,4,30/11/23,300,0.05,202348,NA,400001,202348,27/11/23
105,14,Customer 14,Returning,P001,4,01/12/23,100,0,202348,NA,700001,202348,27/11/23
291,28,Customer 28,Returning,P002,4,01/12/23,200,0,202348,NA,110001,202348,27/11/23
402,10,Customer 10,Returning,P001,2,01/12/23,100,0,202348,NA,122001,202348,27/11/23
59,31,Customer 31,Returning,P001,1,03/12/23,100,0,202348,NA,700001,202348,27/11/23
712,56,Customer 56,Returning,P001,3,04/12/23,100,0,202349,NA,400001,202349,04/12/23
781,68,Customer 68,Returning,P001,5,04/12/23,100,0,202349,NA,201001,202349,04/12/23
169,48,Customer 48,Returning,P002,2,05/12/23,200,0,202349,NA,560001,202349,04/12/23
833,82,Customer 82,Returning,P002,2,05/12/23,200,0,202349,NA,600001,202349,04/12/23
543,32,Customer 32,Subscription,P002,4,05/12/23,200,0.05,202349,NA,400001,202349,04/12/23
897,87,Customer 87,Subscription,P002,3,05/12/23,200,0.05,202349,NA,110001,202349,04/12/23
326,29,Customer 29,Returning,P003,4,06/12/23,300,0,202349,NA,560001,202349,04/12/23
605,19,Customer 19,Subscription,P003,5,06/12/23,300,0.05,202349,NA,201001,202349,04/12/23
379,7,Customer 7,Returning,P002,2,07/12/23,200,0,202349,NA,400001,202349,04/12/23
876,86,Customer 86,Subscription,P002,2,07/12/23,200,0.05,202349,NA,110001,202349,04/12/23
696,55,Customer 55,Returning,P001,1,08/12/23,100,0,202349,NA,680001,202349,04/12/23
189,25,Customer 25,Returning,P001,1,09/12/23,100,0,202349,NA,695001,202349,04/12/23
254,5,Customer 5,Returning,P003,4,09/12/23,300,0,202349,NA,110001,202349,04/12/23
348,41,Customer 41,Returning,P003,4,09/12/23,300,0,202349,NA,400001,202349,04/12/23
846,83,Customer 83,Returning,P002,3,09/12/23,200,0,202349,NA,302001,202349,04/12/23
493,4,Customer 4,Subscription,P002,3,09/12/23,200,0.05,202349,NA,400001,202349,04/12/23
569,36,Customer 36,Subscription,P001,2,09/12/23,100,0.05,202349,NA,600001,202349,04/12/23
908,88,Customer 88,Subscription,P002,4,10/12/23,200,0.05,202349,NA,600001,202349,04/12/23
60,31,Customer 31,Returning,P001,5,11/12/23,100,0,202350,NA,751001,202350,11/12/23
729,57,Customer 57,Returning,P001,1,11/12/23,100,0,202350,NA,560001,202350,11/12/23
514,18,Customer 18,Subscription,P001,5,11/12/23,100,0.05,202350,NA,600001,202350,11/12/23
867,85,Customer 85,Subscription,P002,4,11/12/23,200,0.05,202350,NA,400001,202350,11/12/23
88,15,Customer 15,Returning,P002,1,13/12/23,200,0,202350,NA,600001,202350,11/12/23
820,76,Customer 76,Subscription,P001,3,13/12/23,100,0.05,202350,NA,600001,202350,11/12/23
327,29,Customer 29,Returning,P003,2,14/12/23,300,0,202350,NA,600001,202350,11/12/23
403,10,Customer 10,Returning,P001,2,14/12/23,100,0,202350,NA,700001,202350,11/12/23
544,32,Customer 32,Subscription,P002,4,14/12/23,200,0.05,202350,NA,560001,202350,11/12/23
292,28,Customer 28,Returning,P002,1,15/12/23,200,0,202350,NA,680001,202350,11/12/23
681,54,Customer 54,Returning,P001,1,15/12/23,100,0,202350,NA,600001,202350,11/12/23
858,84,Customer 84,Returning,P002,4,15/12/23,200,0,202350,NA,751001,202350,11/12/23
255,5,Customer 5,Returning,P003,5,16/12/23,300,0,202350,NA,700001,202350,11/12/23
754,59,Customer 59,Subscription,P001,1,16/12/23,100,0.05,202350,NA,400001,202350,11/12/23
877,86,Customer 86,Subscription,P002,2,16/12/23,200,0.05,202350,NA,110001,202350,11/12/23
782,68,Customer 68,Returning,P001,4,17/12/23,100,0,202350,NA,560001,202350,11/12/23
431,23,Customer 23,Subscription,P001,3,18/12/23,100,0.05,202351,NA,110001,202351,18/12/23
316,9,Customer 9,Returning,P003,3,19/12/23,300,0,202351,NA,110001,202351,18/12/23
606,19,Customer 19,Subscription,P003,5,19/12/23,300,0.05,202351,NA,560001,202351,18/12/23
209,26,Customer 26,Returning,P003,3,20/12/23,300,0,202351,NA,110001,202351,18/12/23
61,31,Customer 31,Returning,P001,4,22/12/23,100,0,202351,NA,396001,202351,18/12/23
336,8,Customer 8,Returning,P002,4,22/12/23,200,0,202351,NA,201001,202351,18/12/23
743,58,Customer 58,Subscription,P001,1,22/12/23,100,0.05,202351,NA,560001,202351,18/12/23
106,14,Customer 14,Returning,P001,3,23/12/23,100,0,202351,NA,700001,202351,18/12/23
545,32,Customer 32,Subscription,P002,4,23/12/23,200,0.05,202351,NA,400001,202351,18/12/23
570,36,Customer 36,Subscription,P001,2,23/12/23,100,0.05,202351,NA,201001,202351,18/12/23
328,29,Customer 29,Returning,P003,2,24/12/23,300,0,202351,NA,560001,202351,18/12/23
730,57,Customer 57,Returning,P001,2,24/12/23,100,0,202351,NA,560001,202351,18/12/23
909,88,Customer 88,Subscription,P002,4,24/12/23,200,0.05,202351,NA,110001,202351,18/12/23
141,43,Customer 43,Returning,P002,2,25/12/23,200,0,202352,NA,560001,202352,25/12/23
349,41,Customer 41,Returning,P003,1,25/12/23,300,0,202352,NA,400001,202352,25/12/23
878,86,Customer 86,Subscription,P002,2,25/12/23,200,0.05,202352,NA,700001,202352,25/12/23
898,87,Customer 87,Subscription,P002,3,25/12/23,200,0.05,202352,NA,560001,202352,25/12/23
170,48,Customer 48,Returning,P002,3,26/12/23,200,0,202352,NA,560001,202352,25/12/23
713,56,Customer 56,Returning,P001,4,26/12/23,100,0,202352,NA,500001,202352,25/12/23
515,18,Customer 18,Subscription,P001,5,26/12/23,100,0.05,202352,NA,560001,202352,25/12/23
44,44,Customer 44,New,P001,3,27/12/23,100,0,202352,NA,400001,202352,25/12/23
834,82,Customer 82,Returning,P002,2,28/12/23,200,0,202352,NA,600001,202352,25/12/23
443,33,Customer 33,Subscription,P003,4,28/12/23,300,0.05,202352,NA,700001,202352,25/12/23
293,28,Customer 28,Returning,P002,1,29/12/23,200,0,202352,NA,400001,202352,25/12/23
859,84,Customer 84,Returning,P002,2,29/12/23,200,0,202352,NA,600001,202352,25/12/23
210,26,Customer 26,Returning,P003,4,30/12/23,300,0,202352,NA,700001,202352,25/12/23
317,9,Customer 9,Returning,P003,2,30/12/23,300,0,202352,NA,700001,202352,25/12/23
190,25,Customer 25,Returning,P001,2,31/12/23,100,0,202352,NA,700001,202352,25/12/23
546,32,Customer 32,Subscription,P002,4,01/01/24,200,0.05,202401,NA,400001,202401,08/01/24
607,19,Customer 19,Subscription,P003,5,01/01/24,300,0.05,202401,NA,110001,202401,08/01/24
635,11,Customer 11,Subscription,P004,1,01/01/24,400,0.05,202401,202401,560001,202401,08/01/24
89,15,Customer 15,Returning,P002,3,02/01/24,200,0,202401,NA,400001,202401,08/01/24
256,5,Customer 5,Returning,P003,4,02/01/24,300,0,202401,NA,751001,202401,08/01/24
380,7,Customer 7,Returning,P002,3,02/01/24,200,0,202401,NA,560001,202401,08/01/24
494,4,Customer 4,Subscription,P002,3,03/01/24,200,0.05,202401,NA,700001,202401,08/01/24
879,86,Customer 86,Subscription,P002,2,03/01/24,200,0.05,202401,NA,400001,202401,08/01/24
473,22,Customer 22,Subscription,P004,1,03/01/24,400,0.05,202401,202401,400001,202401,08/01/24
847,83,Customer 83,Returning,P002,2,05/01/24,200,0,202401,NA,396001,202401,08/01/24
318,9,Customer 9,Returning,P003,4,06/01/24,300,0,202401,NA,600001,202401,08/01/24
697,55,Customer 55,Returning,P001,3,06/01/24,100,0,202401,NA,600001,202401,08/01/24
571,36,Customer 36,Subscription,P001,2,06/01/24,100,0.05,202401,NA,600001,202401,08/01/24
404,10,Customer 10,Returning,P001,2,07/01/24,100,0,202401,NA,600001,202401,08/01/24
432,23,Customer 23,Subscription,P001,3,07/01/24,100,0.05,202401,NA,560001,202401,08/01/24
910,88,Customer 88,Subscription,P002,4,07/01/24,200,0.05,202401,NA,110001,202401,08/01/24
275,40,Customer 40,Returning,P004,1,08/01/24,400,0,202402,202402,160001,202402,15/01/24
714,56,Customer 56,Returning,P001,3,09/01/24,100,0,202402,NA,110001,202402,15/01/24
731,57,Customer 57,Returning,P001,2,09/01/24,100,0,202402,NA,110001,202402,15/01/24
860,84,Customer 84,Returning,P002,5,09/01/24,200,0,202402,NA,500001,202402,15/01/24
62,31,Customer 31,Returning,P001,2,10/01/24,100,0,202402,NA,560001,202402,15/01/24
171,48,Customer 48,Returning,P002,5,10/01/24,200,0,202402,NA,221001,202402,15/01/24
257,5,Customer 5,Returning,P003,3,10/01/24,300,0,202402,NA,560001,202402,15/01/24
783,68,Customer 68,Returning,P001,5,10/01/24,100,0,202402,NA,302001,202402,15/01/24
516,18,Customer 18,Subscription,P001,5,10/01/24,100,0.05,202402,NA,110001,202402,15/01/24
547,32,Customer 32,Subscription,P002,4,10/01/24,200,0.05,202402,NA,482001,202402,15/01/24
821,76,Customer 76,Subscription,P001,3,10/01/24,100,0.05,202402,NA,560001,202402,15/01/24
868,85,Customer 85,Subscription,P002,4,10/01/24,200,0.05,202402,NA,110001,202402,15/01/24
835,82,Customer 82,Returning,P002,3,11/01/24,200,0,202402,NA,221001,202402,15/01/24
880,86,Customer 86,Subscription,P002,2,12/01/24,200,0.05,202402,NA,201001,202402,15/01/24
662,34,Customer 34,Subscription,P004,1,12/01/24,400,0.05,202402,202402,201001,202402,15/01/24
294,28,Customer 28,Returning,P002,4,13/01/24,200,0,202402,NA,600001,202402,15/01/24
682,54,Customer 54,Returning,P001,3,13/01/24,100,0,202402,NA,700001,202402,15/01/24
107,14,Customer 14,Returning,P001,4,14/01/24,100,0,202402,NA,700001,202402,15/01/24
329,29,Customer 29,Returning,P003,1,14/01/24,300,0,202402,NA,700001,202402,15/01/24
608,19,Customer 19,Subscription,P003,5,14/01/24,300,0.05,202402,NA,122001,202402,15/01/24
899,87,Customer 87,Subscription,P002,3,14/01/24,200,0.05,202402,NA,560001,202402,15/01/24
474,22,Customer 22,Subscription,P004,1,14/01/24,400,0.05,202402,202402,700001,202402,15/01/24
755,59,Customer 59,Subscription,P001,1,15/01/24,100,0.05,202403,NA,695001,202403,22/01/24
90,15,Customer 15,Returning,P002,3,16/01/24,200,0,202403,NA,110001,202403,22/01/24
405,10,Customer 10,Returning,P001,1,16/01/24,100,0,202403,NA,302001,202403,22/01/24
133,42,Customer 42,Returning,P004,1,16/01/24,400,0,202403,202403,700001,202403,22/01/24
63,31,Customer 31,Returning,P001,1,17/01/24,100,0,202403,NA,400001,202403,22/01/24
142,43,Customer 43,Returning,P002,5,17/01/24,200,0,202403,NA,400001,202403,22/01/24
744,58,Customer 58,Subscription,P001,1,17/01/24,100,0.05,202403,NA,700001,202403,22/01/24
636,11,Customer 11,Subscription,P004,1,17/01/24,400,0.05,202403,202403,400001,202403,22/01/24
211,26,Customer 26,Returning,P003,2,18/01/24,300,0,202403,NA,400001,202403,22/01/24
381,7,Customer 7,Returning,P002,2,18/01/24,200,0,202403,NA,600001,202403,22/01/24
150,37,Customer 37,Returning,P003,5,19/01/24,300,0,202403,NA,560001,202403,22/01/24
698,55,Customer 55,Returning,P001,5,19/01/24,100,0,202403,NA,482001,202403,22/01/24
715,56,Customer 56,Returning,P001,4,19/01/24,100,0,202403,NA,482001,202403,22/01/24
548,32,Customer 32,Subscription,P002,4,19/01/24,200,0.05,202403,NA,482001,202403,22/01/24
295,28,Customer 28,Returning,P002,3,20/01/24,200,0,202403,NA,110001,202403,22/01/24
350,41,Customer 41,Returning,P003,1,20/01/24,300,0,202403,NA,396001,202403,22/01/24
572,36,Customer 36,Subscription,P001,2,20/01/24,100,0.05,202403,NA,396001,202403,22/01/24
337,8,Customer 8,Returning,P002,5,21/01/24,200,0,202403,NA,400001,202403,22/01/24
881,86,Customer 86,Subscription,P002,2,21/01/24,200,0.05,202403,NA,144001,202403,22/01/24
911,88,Customer 88,Subscription,P002,4,21/01/24,200,0.05,202403,NA,560001,202403,22/01/24
172,48,Customer 48,Returning,P002,1,23/01/24,200,0,202404,NA,500001,202404,29/01/24
191,25,Customer 25,Returning,P001,2,23/01/24,100,0,202404,NA,144001,202404,29/01/24
226,27,Customer 27,Returning,P004,2,23/01/24,400,0,202404,202404,400001,202404,29/01/24
444,33,Customer 33,Subscription,P003,4,25/01/24,300,0.05,202404,NA,160001,202404,29/01/24
517,18,Customer 18,Subscription,P001,5,25/01/24,100,0.05,202404,NA,221001,202404,29/01/24
475,22,Customer 22,Subscription,P004,1,25/01/24,400,0.05,202404,202404,560001,202404,29/01/24
258,5,Customer 5,Returning,P003,3,26/01/24,300,0,202404,NA,400001,202404,29/01/24
732,57,Customer 57,Returning,P001,1,26/01/24,100,0,202404,NA,400001,202404,29/01/24
848,83,Customer 83,Returning,P002,3,26/01/24,200,0,202404,NA,560001,202404,29/01/24
276,40,Customer 40,Returning,P004,2,26/01/24,400,0,202404,202404,400001,202404,29/01/24
683,54,Customer 54,Returning,P001,4,27/01/24,100,0,202404,NA,560001,202404,29/01/24
836,82,Customer 82,Returning,P002,3,27/01/24,200,0,202404,NA,560001,202404,29/01/24
433,23,Customer 23,Subscription,P001,3,27/01/24,100,0.05,202404,NA,600001,202404,29/01/24
609,19,Customer 19,Subscription,P003,5,27/01/24,300,0.05,202404,NA,201001,202404,29/01/24
663,34,Customer 34,Subscription,P004,1,27/01/24,400,0.05,202404,202404,560001,202404,29/01/24
108,14,Customer 14,Returning,P001,3,28/01/24,100,0,202404,NA,600001,202404,29/01/24
495,4,Customer 4,Subscription,P002,3,28/01/24,200,0.05,202404,NA,560001,202404,29/01/24
549,32,Customer 32,Subscription,P002,4,28/01/24,200,0.05,202404,NA,400001,202404,29/01/24
17,17,Customer 17,New,P004,3,28/01/24,400,0,202404,202404,695001,202404,29/01/24
64,31,Customer 31,Returning,P001,5,29/01/24,100,0,202405,NA,110001,202405,05/02/24
30,30,Customer 30,New,P002,3,30/01/24,200,0,202405,NA,400001,202405,05/02/24
882,86,Customer 86,Subscription,P002,2,30/01/24,200,0.05,202405,NA,560001,202405,05/02/24
351,41,Customer 41,Returning,P003,2,31/01/24,300,0,202405,NA,560001,202405,05/02/24
134,42,Customer 42,Returning,P004,1,31/01/24,400,0,202405,202405,396001,202405,05/02/24
46,46,Customer 46,New,P001,1,01/02/24,100,0,202405,NA,110001,202405,05/02/24
319,9,Customer 9,Returning,P003,4,01/02/24,300,0,202405,NA,680001,202405,05/02/24
338,8,Customer 8,Returning,P002,4,01/02/24,200,0,202405,NA,700001,202405,05/02/24
47,47,Customer 47,New,P001,2,02/02/24,100,0,202405,NA,500001,202405,05/02/24
173,48,Customer 48,Returning,P002,2,02/02/24,200,0,202405,NA,600001,202405,05/02/24
784,68,Customer 68,Returning,P001,1,02/02/24,100,0,202405,NA,400001,202405,05/02/24
861,84,Customer 84,Returning,P002,2,02/02/24,200,0,202405,NA,600001,202405,05/02/24
637,11,Customer 11,Subscription,P004,1,02/02/24,400,0.05,202405,202405,560001,202405,05/02/24
45,45,Customer 45,New,P003,5,03/02/24,300,0,202405,NA,560001,202405,05/02/24
115,3,Customer 3,Returning,P003,1,03/02/24,300,0,202405,NA,144001,202405,05/02/24
151,37,Customer 37,Returning,P003,1,03/02/24,300,0,202405,NA,110001,202405,05/02/24
212,26,Customer 26,Returning,P003,4,03/02/24,300,0,202405,NA,700001,202405,05/02/24
296,28,Customer 28,Returning,P002,2,03/02/24,200,0,202405,NA,680001,202405,05/02/24
573,36,Customer 36,Subscription,P001,2,03/02/24,100,0.05,202405,NA,695001,202405,05/02/24
900,87,Customer 87,Subscription,P002,3,03/02/24,200,0.05,202405,NA,600001,202405,05/02/24
849,83,Customer 83,Returning,P002,1,04/02/24,200,0,202405,NA,700001,202405,05/02/24
912,88,Customer 88,Subscription,P002,4,04/02/24,200,0.05,202405,NA,560001,202405,05/02/24
476,22,Customer 22,Subscription,P004,1,05/02/24,400,0.05,202406,202406,560001,202406,12/02/24
91,15,Customer 15,Returning,P002,1,06/02/24,200,0,202406,NA,302001,202406,12/02/24
192,25,Customer 25,Returning,P001,3,06/02/24,100,0,202406,NA,600001,202406,12/02/24
406,10,Customer 10,Returning,P001,1,06/02/24,100,0,202406,NA,400001,202406,12/02/24
716,56,Customer 56,Returning,P001,1,06/02/24,100,0,202406,NA,122001,202406,12/02/24
550,32,Customer 32,Subscription,P002,4,06/02/24,200,0.05,202406,NA,560001,202406,12/02/24
109,14,Customer 14,Returning,P001,4,07/02/24,100,0,202406,NA,482001,202406,12/02/24
822,76,Customer 76,Subscription,P001,3,07/02/24,100,0.05,202406,NA,600001,202406,12/02/24
883,86,Customer 86,Subscription,P002,2,08/02/24,200,0.05,202406,NA,560001,202406,12/02/24
699,55,Customer 55,Returning,P001,2,09/02/24,100,0,202406,NA,700001,202406,12/02/24
518,18,Customer 18,Subscription,P001,5,09/02/24,100,0.05,202406,NA,400001,202406,12/02/24
610,19,Customer 19,Subscription,P003,5,09/02/24,300,0.05,202406,NA,751001,202406,12/02/24
869,85,Customer 85,Subscription,P002,4,09/02/24,200,0.05,202406,NA,560001,202406,12/02/24
297,28,Customer 28,Returning,P002,1,10/02/24,200,0,202406,NA,400001,202406,12/02/24
339,8,Customer 8,Returning,P002,3,10/02/24,200,0,202406,NA,400001,202406,12/02/24
785,68,Customer 68,Returning,P001,1,10/02/24,100,0,202406,NA,700001,202406,12/02/24
135,42,Customer 42,Returning,P004,3,11/02/24,400,0,202406,202406,302001,202406,12/02/24
664,34,Customer 34,Subscription,P004,1,11/02/24,400,0.05,202406,202406,600001,202406,12/02/24
143,43,Customer 43,Returning,P002,3,12/02/24,200,0,202407,NA,600001,202407,19/02/24
745,58,Customer 58,Subscription,P001,1,12/02/24,100,0.05,202407,NA,560001,202407,19/02/24
330,29,Customer 29,Returning,P003,3,13/02/24,300,0,202407,NA,221001,202407,19/02/24
382,7,Customer 7,Returning,P002,1,14/02/24,200,0,202407,NA,110001,202407,19/02/24
756,59,Customer 59,Subscription,P001,1,14/02/24,100,0.05,202407,NA,221001,202407,19/02/24
227,27,Customer 27,Returning,P004,3,14/02/24,400,0,202407,202407,560001,202407,19/02/24
551,32,Customer 32,Subscription,P002,4,15/02/24,200,0.05,202407,NA,600001,202407,19/02/24
213,26,Customer 26,Returning,P003,2,16/02/24,300,0,202407,NA,110001,202407,19/02/24
684,54,Customer 54,Returning,P001,3,16/02/24,100,0,202407,NA,400001,202407,19/02/24
434,23,Customer 23,Subscription,P001,3,16/02/24,100,0.05,202407,NA,110001,202407,19/02/24
477,22,Customer 22,Subscription,P004,1,16/02/24,400,0.05,202407,202407,400001,202407,19/02/24
116,3,Customer 3,Returning,P003,4,17/02/24,300,0,202407,NA,700001,202407,19/02/24
862,84,Customer 84,Returning,P002,3,17/02/24,200,0,202407,NA,700001,202407,19/02/24
574,36,Customer 36,Subscription,P001,2,17/02/24,100,0.05,202407,NA,302001,202407,19/02/24
884,86,Customer 86,Subscription,P002,2,17/02/24,200,0.05,202407,NA,122001,202407,19/02/24
259,5,Customer 5,Returning,P003,5,18/02/24,300,0,202407,NA,400001,202407,19/02/24
320,9,Customer 9,Returning,P003,5,18/02/24,300,0,202407,NA,396001,202407,19/02/24
786,68,Customer 68,Returning,P001,5,18/02/24,100,0,202407,NA,482001,202407,19/02/24
913,88,Customer 88,Subscription,P002,4,18/02/24,200,0.05,202407,NA,400001,202407,19/02/24
136,42,Customer 42,Returning,P004,2,18/02/24,400,0,202407,202407,396001,202407,19/02/24
638,11,Customer 11,Subscription,P004,1,18/02/24,400,0.05,202407,202407,600001,202407,19/02/24
65,31,Customer 31,Returning,P001,1,19/02/24,100,0,202408,NA,700001,202408,26/02/24
352,41,Customer 41,Returning,P003,2,19/02/24,300,0,202408,NA,680001,202408,26/02/24
407,10,Customer 10,Returning,P001,1,19/02/24,100,0,202408,NA,600001,202408,26/02/24
837,82,Customer 82,Returning,P002,4,19/02/24,200,0,202408,NA,122001,202408,26/02/24
733,57,Customer 57,Returning,P001,2,20/02/24,100,0,202408,NA,482001,202408,26/02/24
700,55,Customer 55,Returning,P001,3,21/02/24,100,0,202408,NA,700001,202408,26/02/24
193,25,Customer 25,Returning,P001,3,22/02/24,100,0,202408,NA,110001,202408,26/02/24
717,56,Customer 56,Returning,P001,3,22/02/24,100,0,202408,NA,110001,202408,26/02/24
445,33,Customer 33,Subscription,P003,4,22/02/24,300,0.05,202408,NA,302001,202408,26/02/24
496,4,Customer 4,Subscription,P002,3,22/02/24,200,0.05,202408,NA,400001,202408,26/02/24
611,19,Customer 19,Subscription,P003,5,22/02/24,300,0.05,202408,NA,110001,202408,26/02/24
277,40,Customer 40,Returning,P004,4,22/02/24,400,0,202408,202408,400001,202408,26/02/24
901,87,Customer 87,Subscription,P002,3,23/02/24,200,0.05,202408,NA,695001,202408,26/02/24
331,29,Customer 29,Returning,P003,3,24/02/24,300,0,202408,NA,400001,202408,26/02/24
519,18,Customer 18,Subscription,P001,5,24/02/24,100,0.05,202408,NA,560001,202408,26/02/24
552,32,Customer 32,Subscription,P002,4,24/02/24,200,0.05,202408,NA,560001,202408,26/02/24
110,14,Customer 14,Returning,P001,1,25/02/24,100,0,202408,NA,700001,202408,26/02/24
340,8,Customer 8,Returning,P002,5,26/02/24,200,0,202409,NA,700001,202409,04/03/24
885,86,Customer 86,Subscription,P002,2,26/02/24,200,0.05,202409,NA,560001,202409,04/03/24
665,34,Customer 34,Subscription,P004,1,26/02/24,400,0.05,202409,202409,560001,202409,04/03/24
117,3,Customer 3,Returning,P003,5,27/02/24,300,0,202409,NA,110001,202409,04/03/24
353,41,Customer 41,Returning,P003,3,27/02/24,300,0,202409,NA,600001,202409,04/03/24
838,82,Customer 82,Returning,P002,3,27/02/24,200,0,202409,NA,302001,202409,04/03/24
478,22,Customer 22,Subscription,P004,1,27/02/24,400,0.05,202409,202409,600001,202409,04/03/24
152,37,Customer 37,Returning,P003,5,01/03/24,300,0,202409,NA,122001,202409,04/03/24
174,48,Customer 48,Returning,P002,2,01/03/24,200,0,202409,NA,400001,202409,04/03/24
260,5,Customer 5,Returning,P003,4,01/03/24,300,0,202409,NA,110001,202409,04/03/24
575,36,Customer 36,Subscription,P001,2,02/03/24,100,0.05,202409,NA,160001,202409,04/03/24
144,43,Customer 43,Returning,P002,1,03/03/24,200,0,202409,NA,600001,202409,04/03/24
914,88,Customer 88,Subscription,P002,4,03/03/24,200,0.05,202409,NA,110001,202409,04/03/24
553,32,Customer 32,Subscription,P002,4,04/03/24,200,0.05,202410,NA,560001,202410,11/03/24
799,73,Customer 73,New,P001,5,05/03/24,80,0.2,202410,NA,560001,202410,11/03/24
408,10,Customer 10,Returning,P001,3,05/03/24,100,0,202410,NA,560001,202410,11/03/24
850,83,Customer 83,Returning,P002,1,05/03/24,200,0,202410,NA,221001,202410,11/03/24
137,42,Customer 42,Returning,P004,1,05/03/24,400,0,202410,202410,600001,202410,11/03/24
639,11,Customer 11,Subscription,P004,1,05/03/24,400,0.05,202410,202410,600001,202410,11/03/24
92,15,Customer 15,Returning,P002,3,06/03/24,200,0,202410,NA,400001,202410,11/03/24
354,41,Customer 41,Returning,P003,3,06/03/24,300,0,202410,NA,400001,202410,11/03/24
612,19,Customer 19,Subscription,P003,5,06/03/24,300,0.05,202410,NA,560001,202410,11/03/24
823,76,Customer 76,Subscription,P001,3,06/03/24,100,0.05,202410,NA,600001,202410,11/03/24
886,86,Customer 86,Subscription,P002,2,06/03/24,200,0.05,202410,NA,302001,202410,11/03/24
685,54,Customer 54,Returning,P001,5,07/03/24,100,0,202410,NA,560001,202410,11/03/24
805,75,Customer 75,Returning,P001,1,07/03/24,80,0.2,202410,NA,600001,202410,11/03/24
435,23,Customer 23,Subscription,P001,3,07/03/24,100,0.05,202410,NA,110001,202410,11/03/24
701,55,Customer 55,Returning,P001,5,08/03/24,100,0,202410,NA,560001,202410,11/03/24
746,58,Customer 58,Subscription,P001,1,09/03/24,100,0.05,202410,NA,110001,202410,11/03/24
479,22,Customer 22,Subscription,P004,1,09/03/24,400,0.05,202410,202410,221001,202410,11/03/24
214,26,Customer 26,Returning,P003,4,10/03/24,300,0,202410,NA,110001,202410,11/03/24
298,28,Customer 28,Returning,P002,5,10/03/24,200,0,202410,NA,400001,202410,11/03/24
383,7,Customer 7,Returning,P002,2,10/03/24,200,0,202410,NA,201001,202410,11/03/24
800,74,Customer 74,Returning,P001,1,10/03/24,80,0.2,202410,NA,560001,202410,11/03/24
520,18,Customer 18,Subscription,P001,5,10/03/24,100,0.05,202410,NA,144001,202410,11/03/24
870,85,Customer 85,Subscription,P002,4,10/03/24,200,0.05,202410,NA,160001,202410,11/03/24
66,31,Customer 31,Returning,P001,2,11/03/24,100,0,202411,NA,400001,202411,18/03/24
145,43,Customer 43,Returning,P002,4,11/03/24,200,0,202411,NA,396001,202411,18/03/24
261,5,Customer 5,Returning,P003,5,11/03/24,300,0,202411,NA,400001,202411,18/03/24
111,14,Customer 14,Returning,P001,3,12/03/24,100,0,202411,NA,600001,202411,18/03/24
666,34,Customer 34,Subscription,P004,1,12/03/24,400,0.05,202411,202411,560001,202411,18/03/24
409,10,Customer 10,Returning,P001,3,13/03/24,100,0,202411,NA,700001,202411,18/03/24
554,32,Customer 32,Subscription,P002,4,13/03/24,200,0.05,202411,NA,110001,202411,18/03/24
902,87,Customer 87,Subscription,P002,3,14/03/24,200,0.05,202411,NA,560001,202411,18/03/24
757,59,Customer 59,Subscription,P001,1,15/03/24,100,0.05,202411,NA,600001,202411,18/03/24
887,86,Customer 86,Subscription,P002,2,15/03/24,200,0.05,202411,NA,201001,202411,18/03/24
228,27,Customer 27,Returning,P004,4,15/03/24,400,0,202411,202411,221001,202411,18/03/24
194,25,Customer 25,Returning,P001,4,16/03/24,100,0,202411,NA,600001,202411,18/03/24
332,29,Customer 29,Returning,P003,1,16/03/24,300,0,202411,NA,560001,202411,18/03/24
576,36,Customer 36,Subscription,P001,2,16/03/24,100,0.05,202411,NA,751001,202411,18/03/24
321,9,Customer 9,Returning,P003,4,17/03/24,300,0,202411,NA,600001,202411,18/03/24
839,82,Customer 82,Returning,P002,5,17/03/24,200,0,202411,NA,110001,202411,18/03/24
863,84,Customer 84,Returning,P002,4,17/03/24,200,0,202411,NA,700001,202411,18/03/24
915,88,Customer 88,Subscription,P002,4,17/03/24,200,0.05,202411,NA,110001,202411,18/03/24
118,3,Customer 3,Returning,P003,5,18/03/24,300,0,202412,NA,122001,202412,25/03/24
734,57,Customer 57,Returning,P001,5,18/03/24,100,0,202412,NA,396001,202412,25/03/24
497,4,Customer 4,Subscription,P002,3,18/03/24,200,0.05,202412,NA,751001,202412,25/03/24
93,15,Customer 15,Returning,P002,5,19/03/24,200,0,202412,NA,110001,202412,25/03/24
175,48,Customer 48,Returning,P002,1,19/03/24,200,0,202412,NA,600001,202412,25/03/24
718,56,Customer 56,Returning,P001,3,19/03/24,100,0,202412,NA,700001,202412,25/03/24
787,68,Customer 68,Returning,P001,1,19/03/24,100,0,202412,NA,600001,202412,25/03/24
613,19,Customer 19,Subscription,P003,5,19/03/24,300,0.05,202412,NA,560001,202412,25/03/24
686,54,Customer 54,Returning,P001,3,20/03/24,100,0,202412,NA,500001,202412,25/03/24
702,55,Customer 55,Returning,P001,5,20/03/24,100,0,202412,NA,482001,202412,25/03/24
801,74,Customer 74,Returning,P001,2,20/03/24,100,0,202412,NA,122001,202412,25/03/24
480,22,Customer 22,Subscription,P004,1,20/03/24,400,0.05,202412,202412,700001,202412,25/03/24
446,33,Customer 33,Subscription,P003,4,21/03/24,300,0.05,202412,NA,110001,202412,25/03/24
640,11,Customer 11,Subscription,P004,1,21/03/24,400,0.05,202412,202412,600001,202412,25/03/24
555,32,Customer 32,Subscription,P002,4,22/03/24,200,0.05,202412,NA,600001,202412,25/03/24
278,40,Customer 40,Returning,P004,5,22/03/24,400,0,202412,202412,695001,202412,25/03/24
410,10,Customer 10,Returning,P001,4,23/03/24,100,0,202412,NA,400001,202412,25/03/24
195,25,Customer 25,Returning,P001,3,24/03/24,100,0,202412,NA,680001,202412,25/03/24
888,86,Customer 86,Subscription,P002,2,24/03/24,200,0.05,202412,NA,110001,202412,25/03/24
521,18,Customer 18,Subscription,P001,5,25/03/24,100,0.05,202413,NA,700001,202413,01/04/24
341,8,Customer 8,Returning,P002,5,26/03/24,200,0,202413,NA,400001,202413,01/04/24
146,43,Customer 43,Returning,P002,1,27/03/24,200,0,202413,NA,600001,202413,01/04/24
851,83,Customer 83,Returning,P002,3,27/03/24,200,0,202413,NA,482001,202413,01/04/24
436,23,Customer 23,Subscription,P001,3,27/03/24,100,0.05,202413,NA,221001,202413,01/04/24
667,34,Customer 34,Subscription,P004,1,27/03/24,400,0.05,202413,202413,110001,202413,01/04/24
788,68,Customer 68,Returning,P001,2,28/03/24,100,0,202413,NA,560001,202413,01/04/24
138,42,Customer 42,Returning,P004,5,28/03/24,400,0,202413,202413,700001,202413,01/04/24
577,36,Customer 36,Subscription,P001,2,30/03/24,100,0.05,202413,NA,144001,202413,01/04/24
556,32,Customer 32,Subscription,P002,4,31/03/24,200,0.05,202413,NA,201001,202413,01/04/24
916,88,Customer 88,Subscription,P002,4,31/03/24,200,0.05,202413,NA,600001,202413,01/04/24
229,27,Customer 27,Returning,P004,1,31/03/24,400,0,202413,202413,500001,202413,01/04/24
481,22,Customer 22,Subscription,P004,1,31/03/24,400,0.05,202413,202413,600001,202413,01/04/24
806,75,Customer 75,Returning,P001,4,01/04/24,100,0,202414,NA,122001,202414,08/04/24
67,31,Customer 31,Returning,P001,4,02/04/24,100,0,202414,NA,110001,202414,08/04/24
889,86,Customer 86,Subscription,P002,2,02/04/24,200,0.05,202414,NA,221001,202414,08/04/24
384,7,Customer 7,Returning,P002,4,03/04/24,200,0,202414,NA,110001,202414,08/04/24
824,76,Customer 76,Subscription,P001,3,03/04/24,100,0.05,202414,NA,680001,202414,08/04/24
903,87,Customer 87,Subscription,P002,3,03/04/24,200,0.05,202414,NA,700001,202414,08/04/24
735,57,Customer 57,Returning,P001,3,04/04/24,100,0,202414,NA,110001,202414,08/04/24
747,58,Customer 58,Subscription,P001,1,04/04/24,100,0.05,202414,NA,201001,202414,08/04/24
176,48,Customer 48,Returning,P002,5,05/04/24,200,0,202414,NA,110001,202414,08/04/24
299,28,Customer 28,Returning,P002,4,05/04/24,200,0,202414,NA,751001,202414,08/04/24
789,68,Customer 68,Returning,P001,5,05/04/24,100,0,202414,NA,500001,202414,08/04/24
852,83,Customer 83,Returning,P002,4,06/04/24,200,0,202414,NA,600001,202414,08/04/24
641,11,Customer 11,Subscription,P004,1,06/04/24,400,0.05,202414,202414,560001,202414,08/04/24
112,14,Customer 14,Returning,P001,3,07/04/24,100,0,202414,NA,600001,202414,08/04/24
147,43,Customer 43,Returning,P002,5,07/04/24,200,0,202414,NA,560001,202414,08/04/24
94,15,Customer 15,Returning,P002,2,09/04/24,200,0,202415,NA,201001,202415,15/04/24
411,10,Customer 10,Returning,P001,4,09/04/24,100,0,202415,NA,560001,202415,15/04/24
807,75,Customer 75,Returning,P001,5,09/04/24,100,0,202415,NA,700001,202415,15/04/24
522,18,Customer 18,Subscription,P001,5,09/04/24,100,0.05,202415,NA,122001,202415,15/04/24
557,32,Customer 32,Subscription,P002,4,09/04/24,200,0.05,202415,NA,110001,202415,15/04/24
871,85,Customer 85,Subscription,P002,4,09/04/24,200,0.05,202415,NA,110001,202415,15/04/24
840,82,Customer 82,Returning,P002,2,11/04/24,200,0,202415,NA,396001,202415,15/04/24
864,84,Customer 84,Returning,P002,3,11/04/24,200,0,202415,NA,110001,202415,15/04/24
890,86,Customer 86,Subscription,P002,2,11/04/24,200,0.05,202415,NA,600001,202415,15/04/24
482,22,Customer 22,Subscription,P004,1,11/04/24,400,0.05,202415,202415,110001,202415,15/04/24
668,34,Customer 34,Subscription,P004,1,11/04/24,400,0.05,202415,202415,560001,202415,15/04/24
196,25,Customer 25,Returning,P001,5,12/04/24,100,0,202415,NA,600001,202415,15/04/24
498,4,Customer 4,Subscription,P002,3,12/04/24,200,0.05,202415,NA,144001,202415,15/04/24
230,27,Customer 27,Returning,P004,3,12/04/24,400,0,202415,202415,751001,202415,15/04/24
578,36,Customer 36,Subscription,P001,2,13/04/24,100,0.05,202415,NA,560001,202415,15/04/24
68,31,Customer 31,Returning,P001,3,14/04/24,100,0,202415,NA,160001,202415,15/04/24
758,59,Customer 59,Subscription,P001,1,14/04/24,100,0.05,202415,NA,110001,202415,15/04/24
917,88,Customer 88,Subscription,P002,4,14/04/24,200,0.05,202415,NA,160001,202415,15/04/24
279,40,Customer 40,Returning,P004,2,14/04/24,400,0,202415,202415,600001,202415,15/04/24
333,29,Customer 29,Returning,P003,2,15/04/24,300,0,202416,NA,560001,202416,22/04/24
177,48,Customer 48,Returning,P002,3,16/04/24,200,0,202416,NA,700001,202416,22/04/24
437,23,Customer 23,Subscription,P001,3,16/04/24,100,0.05,202416,NA,560001,202416,22/04/24
762,62,Customer 62,New,P001,1,17/04/24,80,0.2,202416,NA,600001,202416,22/04/24
763,63,Customer 63,New,P001,1,17/04/24,80,0.2,202416,NA,110001,202416,22/04/24
263,5,Customer 5,Returning,P003,4,17/04/24,300,0,202416,NA,500001,202416,22/04/24
719,56,Customer 56,Returning,P001,5,17/04/24,100,0,202416,NA,600001,202416,22/04/24
767,67,Customer 67,Returning,P001,1,17/04/24,80,0.2,202416,NA,600001,202416,22/04/24
802,74,Customer 74,Returning,P001,2,17/04/24,100,0,202416,NA,560001,202416,22/04/24
765,65,Customer 65,New,P001,5,18/04/24,80,0.2,202416,NA,110001,202416,22/04/24
687,54,Customer 54,Returning,P001,2,18/04/24,100,0,202416,NA,560001,202416,22/04/24
703,55,Customer 55,Returning,P001,3,18/04/24,100,0,202416,NA,560001,202416,22/04/24
558,32,Customer 32,Subscription,P002,4,18/04/24,200,0.05,202416,NA,400001,202416,22/04/24
793,69,Customer 69,Subscription,P001,3,18/04/24,80,0.2,202416,NA,144001,202416,22/04/24
795,70,Customer 70,Subscription,P001,4,18/04/24,80,0.2,202416,NA,700001,202416,22/04/24
764,64,Customer 64,New,P001,2,20/04/24,80,0.2,202416,NA,600001,202416,22/04/24
891,86,Customer 86,Subscription,P002,2,20/04/24,200,0.05,202416,NA,680001,202416,22/04/24
760,60,Customer 60,New,P001,3,21/04/24,80,0.2,202416,NA,600001,202416,22/04/24
95,15,Customer 15,Returning,P002,3,21/04/24,200,0,202416,NA,110001,202416,22/04/24
148,43,Customer 43,Returning,P002,1,21/04/24,200,0,202416,NA,600001,202416,22/04/24
385,7,Customer 7,Returning,P002,4,21/04/24,200,0,202416,NA,751001,202416,22/04/24
231,27,Customer 27,Returning,P004,1,22/04/24,400,0,202417,202417,110001,202417,29/04/24
483,22,Customer 22,Subscription,P004,1,22/04/24,400,0.05,202417,202417,110001,202417,29/04/24
642,11,Customer 11,Subscription,P004,1,22/04/24,400,0.05,202417,202417,400001,202417,29/04/24
178,48,Customer 48,Returning,P002,3,23/04/24,200,0,202417,NA,400001,202417,29/04/24
790,68,Customer 68,Returning,P001,1,23/04/24,100,0,202417,NA,700001,202417,29/04/24
904,87,Customer 87,Subscription,P002,3,23/04/24,200,0.05,202417,NA,302001,202417,29/04/24
523,18,Customer 18,Subscription,P001,5,24/04/24,100,0.05,202417,NA,751001,202417,29/04/24
139,42,Customer 42,Returning,P004,4,24/04/24,400,0,202417,202417,110001,202417,29/04/24
342,8,Customer 8,Returning,P002,1,25/04/24,200,0,202417,NA,201001,202417,29/04/24
853,83,Customer 83,Returning,P002,2,25/04/24,200,0,202417,NA,400001,202417,29/04/24
669,34,Customer 34,Subscription,P004,1,26/04/24,400,0.05,202417,202417,201001,202417,29/04/24
300,28,Customer 28,Returning,P002,4,27/04/24,200,0,202417,NA,600001,202417,29/04/24
559,32,Customer 32,Subscription,P002,4,27/04/24,200,0.05,202417,NA,560001,202417,29/04/24
579,36,Customer 36,Subscription,P001,2,27/04/24,100,0.05,202417,NA,600001,202417,29/04/24
69,31,Customer 31,Returning,P001,1,28/04/24,100,0,202417,NA,400001,202417,29/04/24
704,55,Customer 55,Returning,P001,4,28/04/24,100,0,202417,NA,600001,202417,29/04/24
918,88,Customer 88,Subscription,P002,4,28/04/24,200,0.05,202417,NA,600001,202417,29/04/24
892,86,Customer 86,Subscription,P002,2,29/04/24,200,0.05,202418,NA,201001,202418,06/05/24
736,57,Customer 57,Returning,P001,2,30/04/24,100,0,202418,NA,400001,202418,06/05/24
748,58,Customer 58,Subscription,P001,1,30/04/24,100,0.05,202418,NA,144001,202418,06/05/24
825,76,Customer 76,Subscription,P001,3,01/05/24,100,0.05,202418,NA,500001,202418,06/05/24
280,40,Customer 40,Returning,P004,2,01/05/24,400,0,202418,202418,110001,202418,06/05/24
808,75,Customer 75,Returning,P001,4,02/05/24,100,0,202418,NA,751001,202418,06/05/24
232,27,Customer 27,Returning,P004,4,02/05/24,400,0,202418,202418,700001,202418,06/05/24
412,10,Customer 10,Returning,P001,3,03/05/24,100,0,202418,NA,110001,202418,06/05/24
841,82,Customer 82,Returning,P002,5,03/05/24,200,0,202418,NA,110001,202418,06/05/24
484,22,Customer 22,Subscription,P004,1,03/05/24,400,0.05,202418,202418,201001,202418,06/05/24
803,74,Customer 74,Returning,P001,1,05/05/24,100,0,202418,NA,560001,202418,06/05/24
113,14,Customer 14,Returning,P001,5,06/05/24,100,0,202419,NA,400001,202419,13/05/24
334,29,Customer 29,Returning,P003,4,06/05/24,300,0,202419,NA,110001,202419,13/05/24
720,56,Customer 56,Returning,P001,2,06/05/24,100,0,202419,NA,400001,202419,13/05/24
438,23,Customer 23,Subscription,P001,3,06/05/24,100,0.05,202419,NA,700001,202419,13/05/24
560,32,Customer 32,Subscription,P002,4,06/05/24,200,0.05,202419,NA,482001,202419,13/05/24
96,15,Customer 15,Returning,P002,5,07/05/24,200,0,202419,NA,680001,202419,13/05/24
197,25,Customer 25,Returning,P001,2,07/05/24,100,0,202419,NA,560001,202419,13/05/24
499,4,Customer 4,Subscription,P002,3,07/05/24,200,0.05,202419,NA,400001,202419,13/05/24
893,86,Customer 86,Subscription,P002,2,08/05/24,200,0.05,202419,NA,560001,202419,13/05/24
643,11,Customer 11,Subscription,P004,1,08/05/24,400,0.05,202419,202419,160001,202419,13/05/24
688,54,Customer 54,Returning,P001,5,09/05/24,100,0,202419,NA,700001,202419,13/05/24
524,18,Customer 18,Subscription,P001,5,09/05/24,100,0.05,202419,NA,221001,202419,13/05/24
872,85,Customer 85,Subscription,P002,4,09/05/24,200,0.05,202419,NA,600001,202419,13/05/24
794,69,Customer 69,Subscription,P001,3,10/05/24,100,0.05,202419,NA,110001,202419,13/05/24
796,70,Customer 70,Subscription,P001,4,10/05/24,100,0.05,202419,NA,201001,202419,13/05/24
49,49,Customer 49,New,P003,5,11/05/24,300,0,202419,NA,700001,202419,13/05/24
179,48,Customer 48,Returning,P002,2,11/05/24,200,0,202419,NA,400001,202419,13/05/24
809,75,Customer 75,Returning,P001,1,11/05/24,100,0,202419,NA,700001,202419,13/05/24
854,83,Customer 83,Returning,P002,4,11/05/24,200,0,202419,NA,700001,202419,13/05/24
865,84,Customer 84,Returning,P002,3,11/05/24,200,0,202419,NA,110001,202419,13/05/24
580,36,Customer 36,Subscription,P001,2,11/05/24,100,0.05,202419,NA,600001,202419,13/05/24
281,40,Customer 40,Returning,P004,5,11/05/24,400,0,202419,202419,400001,202419,13/05/24
670,34,Customer 34,Subscription,P004,1,11/05/24,400,0.05,202419,202419,560001,202419,13/05/24
343,8,Customer 8,Returning,P002,2,12/05/24,200,0,202419,NA,482001,202419,13/05/24
791,68,Customer 68,Returning,P001,2,12/05/24,100,0,202419,NA,400001,202419,13/05/24
919,88,Customer 88,Subscription,P002,4,12/05/24,200,0.05,202419,NA,110001,202419,13/05/24
737,57,Customer 57,Returning,P001,1,13/05/24,100,0,202420,NA,400001,202420,20/05/24
768,67,Customer 67,Returning,P001,2,13/05/24,100,0,202420,NA,700001,202420,20/05/24
842,82,Customer 82,Returning,P002,2,13/05/24,200,0,202420,NA,600001,202420,20/05/24
905,87,Customer 87,Subscription,P002,3,13/05/24,200,0.05,202420,NA,302001,202420,20/05/24
759,59,Customer 59,Subscription,P001,1,14/05/24,100,0.05,202420,NA,560001,202420,20/05/24
485,22,Customer 22,Subscription,P004,1,14/05/24,400,0.05,202420,202420,600001,202420,20/05/24
264,5,Customer 5,Returning,P003,5,15/05/24,300,0,202420,NA,110001,202420,20/05/24
561,32,Customer 32,Subscription,P002,4,15/05/24,200,0.05,202420,NA,201001,202420,20/05/24
301,28,Customer 28,Returning,P002,4,16/05/24,200,0,202420,NA,560001,202420,20/05/24
894,86,Customer 86,Subscription,P002,2,17/05/24,200,0.05,202420,NA,396001,202420,20/05/24
149,43,Customer 43,Returning,P002,5,18/05/24,200,0,202420,NA,600001,202420,20/05/24
386,7,Customer 7,Returning,P002,5,18/05/24,200,0,202420,NA,700001,202420,20/05/24
705,55,Customer 55,Returning,P001,4,18/05/24,100,0,202420,NA,201001,202420,20/05/24
97,15,Customer 15,Returning,P002,5,19/05/24,200,0,202420,NA,160001,202420,20/05/24
16,16,Customer 16,New,P003,1,20/05/24,300,0,202421,NA,700001,202421,27/05/24
689,54,Customer 54,Returning,P001,3,20/05/24,100,0,202421,NA,160001,202421,27/05/24
843,82,Customer 82,Returning,P002,4,20/05/24,200,0,202421,NA,396001,202421,27/05/24
140,42,Customer 42,Returning,P004,2,21/05/24,400,0,202421,202421,700001,202421,27/05/24
804,74,Customer 74,Returning,P001,5,22/05/24,100,0,202421,NA,560001,202421,27/05/24
721,56,Customer 56,Returning,P001,5,23/05/24,100,0,202421,NA,400001,202421,27/05/24
335,29,Customer 29,Returning,P003,1,24/05/24,300,0,202421,NA,400001,202421,27/05/24
792,68,Customer 68,Returning,P001,2,24/05/24,100,0,202421,NA,560001,202421,27/05/24
855,83,Customer 83,Returning,P002,2,24/05/24,200,0,202421,NA,700001,202421,27/05/24
525,18,Customer 18,Subscription,P001,5,24/05/24,100,0.05,202421,NA,400001,202421,27/05/24
562,32,Customer 32,Subscription,P002,4,24/05/24,200,0.05,202421,NA,400001,202421,27/05/24
644,11,Customer 11,Subscription,P004,1,24/05/24,400,0.05,202421,202421,144001,202421,27/05/24
114,14,Customer 14,Returning,P001,2,25/05/24,100,0,202421,NA,110001,202421,27/05/24
581,36,Customer 36,Subscription,P001,2,25/05/24,100,0.05,202421,NA,144001,202421,27/05/24
282,40,Customer 40,Returning,P004,3,25/05/24,400,0,202421,202421,560001,202421,27/05/24
486,22,Customer 22,Subscription,P004,1,25/05/24,400,0.05,202421,202421,600001,202421,27/05/24
70,31,Customer 31,Returning,P001,2,26/05/24,100,0,202421,NA,560001,202421,27/05/24
439,23,Customer 23,Subscription,P001,3,26/05/24,100,0.05,202421,NA,751001,202421,27/05/24
749,58,Customer 58,Subscription,P001,1,26/05/24,100,0.05,202421,NA,560001,202421,27/05/24
895,86,Customer 86,Subscription,P002,2,26/05/24,200,0.05,202421,NA,560001,202421,27/05/24
920,88,Customer 88,Subscription,P002,4,26/05/24,200,0.05,202421,NA,560001,202421,27/05/24
671,34,Customer 34,Subscription,P004,1,26/05/24,400,0.05,202421,202421,700001,202421,27/05/24
50,50,Customer 50,New,P003,5,28/05/24,300,0,202422,NA,600001,202422,03/06/24
198,25,Customer 25,Returning,P001,5,29/05/24,100,0,202422,NA,160001,202422,03/06/24
826,76,Customer 76,Subscription,P001,3,29/05/24,100,0.05,202422,NA,400001,202422,03/06/24
233,27,Customer 27,Returning,P004,5,30/05/24,400,0,202422,202422,600001,202422,03/06/24